﻿<parameters>
  <parameter name="IIS Web Application Name" defaultValue="AtribuicaoDECaieiras" tags="IisApp">
    <parameterEntry kind="ProviderPath" scope="IisApp" match="^C:\\Users\\osmar_mp1izh5\\Documents\\Visual\ Studio\ 2017\\Projects\\slnDrCaieiras_R2\\atribuicaoAulas\\obj\\Release\\Package\\PackageTmp$" />
    <parameterEntry kind="ProviderPath" scope="setAcl" match="^C:\\Users\\osmar_mp1izh5\\Documents\\Visual\ Studio\ 2017\\Projects\\slnDrCaieiras_R2\\atribuicaoAulas\\obj\\Release\\Package\\PackageTmp$" />
  </parameter>
  <parameter name="Add write permission to App_Data Folder" description="Add write permission to App_Data folder" defaultValue="{IIS Web Application Name}/App_Data" tags="Hidden">
    <parameterEntry kind="ProviderPath" scope="setAcl" match="^C:\\Users\\osmar_mp1izh5\\Documents\\Visual\ Studio\ 2017\\Projects\\slnDrCaieiras_R2\\atribuicaoAulas\\obj\\Release\\Package\\PackageTmp\\App_Data$" />
  </parameter>
  <parameter name="Acesso-Web.config Connection String" defaultValue="data source=(LocalDB)\MSSQLLocalDB;attachdbfilename=|DataDirectory|\BaseDados.mdf;integrated security=True;multipleactiveresultsets=True;application name=EntityFramework">
    <parameterEntry kind="XmlFile" scope="C:\\Users\\osmar_mp1izh5\\Documents\\Visual\ Studio\ 2017\\Projects\\slnDrCaieiras_R2\\atribuicaoAulas\\obj\\Release\\Package\\PackageTmp\\Web\.config$" match="/configuration/connectionStrings/add[@name='Acesso']/@connectionString" />
  </parameter>
  <parameter name="aulasDisponiveis-Web.config Connection String" defaultValue="data source=(LocalDB)\MSSQLLocalDB;attachdbfilename=|DataDirectory|\BaseDados.mdf;integrated security=True;multipleactiveresultsets=True;application name=EntityFramework">
    <parameterEntry kind="XmlFile" scope="C:\\Users\\osmar_mp1izh5\\Documents\\Visual\ Studio\ 2017\\Projects\\slnDrCaieiras_R2\\atribuicaoAulas\\obj\\Release\\Package\\PackageTmp\\Web\.config$" match="/configuration/connectionStrings/add[@name='aulasDisponiveis']/@connectionString" />
  </parameter>
  <parameter name="DefaultConnection-Web.config Connection String" defaultValue="Data Source=(LocalDb)\MSSQLLocalDB;AttachDbFilename=|DataDirectory|\aspnet-atribuicaoAulas-20180917044348.mdf;Initial Catalog=aspnet-atribuicaoAulas-20180917044348;Integrated Security=True">
    <parameterEntry kind="XmlFile" scope="C:\\Users\\osmar_mp1izh5\\Documents\\Visual\ Studio\ 2017\\Projects\\slnDrCaieiras_R2\\atribuicaoAulas\\obj\\Release\\Package\\PackageTmp\\Web\.config$" match="/configuration/connectionStrings/add[@name='DefaultConnection']/@connectionString" />
  </parameter>
  <parameter name="ModelDB-Web.config Connection String" defaultValue="data source=(LocalDB)\MSSQLLocalDB;attachdbfilename=|DataDirectory|\BaseDados.mdf;integrated security=True;MultipleActiveResultSets=True;App=EntityFramework">
    <parameterEntry kind="XmlFile" scope="C:\\Users\\osmar_mp1izh5\\Documents\\Visual\ Studio\ 2017\\Projects\\slnDrCaieiras_R2\\atribuicaoAulas\\obj\\Release\\Package\\PackageTmp\\Web\.config$" match="/configuration/connectionStrings/add[@name='ModelDB']/@connectionString" />
  </parameter>
  <parameter name="Perfil-Web.config Connection String" defaultValue="data source=(LocalDB)\MSSQLLocalDB;attachdbfilename=|DataDirectory|\BaseDados.mdf;integrated security=True;multipleactiveresultsets=True;application name=EntityFramework">
    <parameterEntry kind="XmlFile" scope="C:\\Users\\osmar_mp1izh5\\Documents\\Visual\ Studio\ 2017\\Projects\\slnDrCaieiras_R2\\atribuicaoAulas\\obj\\Release\\Package\\PackageTmp\\Web\.config$" match="/configuration/connectionStrings/add[@name='Perfil']/@connectionString" />
  </parameter>
</parameters>