﻿<parameters>
  <parameter name="IIS Web Application Name" defaultValue="AtribuicaoDECaieiras" tags="IisApp">
    <parameterEntry kind="ProviderPath" scope="IisApp" match="^C:\\Users\\osmar_mp1izh5\\Documents\\Visual\ Studio\ 2017\\Projects\\slnDrCaieiras_R2_web\\atribuicaoAulas\\obj\\Release\\Package\\PackageTmp$" />
    <parameterEntry kind="ProviderPath" scope="setAcl" match="^C:\\Users\\osmar_mp1izh5\\Documents\\Visual\ Studio\ 2017\\Projects\\slnDrCaieiras_R2_web\\atribuicaoAulas\\obj\\Release\\Package\\PackageTmp$" />
  </parameter>
  <parameter name="Add write permission to App_Data Folder" description="Add write permission to App_Data folder" defaultValue="{IIS Web Application Name}/App_Data" tags="Hidden">
    <parameterEntry kind="ProviderPath" scope="setAcl" match="^C:\\Users\\osmar_mp1izh5\\Documents\\Visual\ Studio\ 2017\\Projects\\slnDrCaieiras_R2_web\\atribuicaoAulas\\obj\\Release\\Package\\PackageTmp\\App_Data$" />
  </parameter>
  <parameter name="Acesso-Web.config Connection String" defaultValue="" />
  <parameter name="aulasDisponiveis-Web.config Connection String" defaultValue="" />
  <parameter name="DefaultConnection-Web.config Connection String" defaultValue="" />
  <parameter name="ModelDB-Web.config Connection String" defaultValue="" />
  <parameter name="Perfil-Web.config Connection String" defaultValue="" />
  <parameter name="PerfilDB_-Web.config Connection String" description="PerfilDB_ A Cadeia de Conexão usada em web.config pelo aplicativo para acessar o banco de dados." defaultValue="data source=den1.mssql8.gear.host;initial catalog=perfil;persist security info=True;user id=perfil;password=Vx9KVMM2!?B2;multipleactiveresultsets=True;application name=EntityFramework" tags="SqlConnectionString">
    <parameterEntry kind="XmlFile" scope="C:\\Users\\osmar_mp1izh5\\Documents\\Visual\ Studio\ 2017\\Projects\\slnDrCaieiras_R2_web\\atribuicaoAulas\\obj\\Release\\Package\\PackageTmp\\Web\.config$" match="/configuration/connectionStrings/add[@name='PerfilDB_']/@connectionString" />
  </parameter>
</parameters>